Metric,Value
MAE,31.75102996826172
RMSE,42.454154385753284
R2,0.32790130376815796
